Workbook

Sheet 요약
A1: 대치동 은마아파트 실거래가 분석 (계약일 기준 2025-08-22 ~ 2026-08-21)
A2: 출처: 국토교통부 실거래가공개시스템 자료제공(rt.molit.go.kr) 다운로드 원본 | 추출일: 2026-08-21 | 원본 전체 내역은 "전체 거래내역" 시트
A4: 평형구분 | B4: 거래건수 | C4: 평균가(만원) | D4: 최고가(만원) | E4: 최저가(만원) | F4: 평단가(3.3㎡당,만원)
A5: 33PY형 (전용 76.79㎡) | B5: =COUNTIFS('전체 거래내역'!C:C,76.79,'전체 거래내역'!G:G,"정상") | C5: =ROUND(AVERAGEIFS('전체 거래내역'!F:F,'전체 거래내역'!C:C,76.79,'전체 거래내역'!G:G,"정상"),0) | D5: =MAXIFS('전체 거래내역'!F:F,'전체 거래내역'!C:C,76.79,'전체 거래내역'!G:G,"정상") | E5: =MINIFS('전체 거래내역'!F:F,'전체 거래내역'!C:C,76.79,'전체 거래내역'!G:G,"정상") | F5: =ROUND(C5/(76.79/3.3),0)
A6: 37PY형 (전용 84.43㎡) | B6: =COUNTIFS('전체 거래내역'!C:C,84.43,'전체 거래내역'!G:G,"정상") | C6: =ROUND(AVERAGEIFS('전체 거래내역'!F:F,'전체 거래내역'!C:C,84.43,'전체 거래내역'!G:G,"정상"),0) | D6: =MAXIFS('전체 거래내역'!F:F,'전체 거래내역'!C:C,84.43,'전체 거래내역'!G:G,"정상") | E6: =MINIFS('전체 거래내역'!F:F,'전체 거래내역'!C:C,84.43,'전체 거래내역'!G:G,"정상") | F6: =ROUND(C6/(84.43/3.3),0)
A8: 반기별 평균가 변화
A9: 평형구분 | B9: 2025.9~12월 평균(만원) | C9: 2026.3~8월 평균(만원) | D9: 변화율
A10: 33PY형 (전용 76.79㎡) | B10: =ROUND(AVERAGEIFS('전체 거래내역'!F:F,'전체 거래내역'!C:C,76.79,'전체 거래내역'!G:G,"정상",'전체 거래내역'!L:L,">=202509",'전체 거래내역'!L:L,"<=202512"),0) | C10: =ROUND(AVERAGEIFS('전체 거래내역'!F:F,'전체 거래내역'!C:C,76.79,'전체 거래내역'!G:G,"정상",'전체 거래내역'!L:L,">=202603",'전체 거래내역'!L:L,"<=202608"),0) | D10: =(C10-B10)/B10
A11: 37PY형 (전용 84.43㎡) | B11: =ROUND(AVERAGEIFS('전체 거래내역'!F:F,'전체 거래내역'!C:C,84.43,'전체 거래내역'!G:G,"정상",'전체 거래내역'!L:L,">=202509",'전체 거래내역'!L:L,"<=202512"),0) | C11: =ROUND(AVERAGEIFS('전체 거래내역'!F:F,'전체 거래내역'!C:C,84.43,'전체 거래내역'!G:G,"정상",'전체 거래내역'!L:L,">=202603",'전체 거래내역'!L:L,"<=202608"),0) | D11: =(C11-B11)/B11
A13: ※ 계약 후 해제된 7건은 통계에서 제외. 본 자료는 계약일 기준이며 신고정보는 실시간 변경될 수 있음(국토교통부 공지).

Sheet 전체 거래내역
A1: No | B1: 계약일 | C1: 전용면적(㎡) | D1: 평형구분 | E1: 층 | F1: 거래금액(만원) | G1: 해제여부 | H1: 거래유형 | I1: 지번 | J1: 도로명주소 | K1: 건축년도 | L1: 계약월(YYYYMM)
A2: 1 | B2: 2026-08-01 | C2: 76.79 | D2: 33PY형 | E2: 3 | F2: 334000 | G2: 정상 | H2: 중개거래 | I2: 대치동 316 | J2: 삼성로 212 | K2: 1980 | L2: 202608
A3: 2 | B3: 2026-07-20 | C3: 84.43 | D3: 37PY형 | E3: 1 | F3: 369500 | G3: 정상 | H3: 중개거래 | I3: 대치동 316 | J3: 삼성로 212 | K3: 1980 | L3: 202607
A4: 3 | B4: 2026-07-18 | C4: 76.79 | D4: 33PY형 | E4: 9 | F4: 346000 | G4: 정상 | H4: 중개거래 | I4: 대치동 316 | J4: 삼성로 212 | K4: 1980 | L4: 202607
A5: 4 | B5: 2026-07-15 | C5: 76.79 | D5: 33PY형 | E5: 1 | F5: 326000 | G5: 정상 | H5: 중개거래 | I5: 대치동 316 | J5: 삼성로 212 | K5: 1979 | L5: 202607
A6: 5 | B6: 2026-07-07 | C6: 84.43 | D6: 37PY형 | E6: 8 | F6: 390000 | G6: 정상 | H6: 중개거래 | I6: 대치동 316 | J6: 삼성로 212 | K6: 1979 | L6: 202607
A7: 6 | B7: 2026-06-30 | C7: 84.43 | D7: 37PY형 | E7: 9 | F7: 393000 | G7: 정상 | H7: 중개거래 | I7: 대치동 316 | J7: 삼성로 212 | K7: 1979 | L7: 202606
A8: 7 | B8: 2026-06-23 | C8: 76.79 | D8: 33PY형 | E8: 2 | F8: 337000 | G8: 해제 | H8: 중개거래 | I8: 대치동 316 | J8: 삼성로 212 | K8: 1979 | L8: 202606
A9: 8 | B9: 2026-06-20 | C9: 76.79 | D9: 33PY형 | E9: 13 | F9: 345000 | G9: 정상 | H9: 중개거래 | I9: 대치동 316 | J9: 삼성로 212 | K9: 1979 | L9: 202606
A10: 9 | B10: 2026-06-12 | C10: 76.79 | D10: 33PY형 | E10: 9 | F10: 348000 | G10: 정상 | H10: 중개거래 | I10: 대치동 316 | J10: 삼성로 212 | K10: 1979 | L10: 202606
A11: 10 | B11: 2026-06-03 | C11: 84.43 | D11: 37PY형 | E11: 3 | F11: 377000 | G11: 정상 | H11: 중개거래 | I11: 대치동 316 | J11: 삼성로 212 | K11: 1979 | L11: 202606
A12: 11 | B12: 2026-05-30 | C12: 84.43 | D12: 37PY형 | E12: 5 | F12: 387500 | G12: 정상 | H12: 중개거래 | I12: 대치동 316 | J12: 삼성로 212 | K12: 1980 | L12: 202605
A13: 12 | B13: 2026-05-21 | C13: 76.79 | D13: 33PY형 | E13: 13 | F13: 340000 | G13: 정상 | H13: 중개거래 | I13: 대치동 316 | J13: 삼성로 212 | K13: 1980 | L13: 202605
... A46: 45 | B46: 2025-09-02 | C46: 76.79 | D46: 33PY형 | E46: 9 | F46: 338000 | G46: 정상 | H46: 중개거래 | I46: 대치동 316 | J46: 삼성로 212 | K46: 1979 | L46: 202509
A48: ※ 국토교통부 실거래가공개시스템 원본 CSV 그대로 반영(다운로드: 2026-08-21). 해제여부 "해제" = 계약 후 해제 건.

Sheet 월별 추이
A1: 계약월 | B1: 33PY형 거래수 | C1: 33PY형 평균가(만원) | D1: 37PY형 거래수 | E1: 37PY형 평균가(만원)
A2: 2025-09 | B2: =COUNTIFS('전체 거래내역'!C:C,76.79,'전체 거래내역'!G:G,"정상",'전체 거래내역'!L:L,202509) | C2: =IFERROR(ROUND(AVERAGEIFS('전체 거래내역'!F:F,'전체 거래내역'!C:C,76.79,'전체 거래내역'!G:G,"정상",'전체 거래내역'!L:L,202509),0),"") | D2: =COUNTIFS('전체 거래내역'!C:C,84.43,'전체 거래내역'!G:G,"정상",'전체 거래내역'!L:L,202509) | E2: =IFERROR(ROUND(AVERAGEIFS('전체 거래내역'!F:F,'전체 거래내역'!C:C,84.43,'전체 거래내역'!G:G,"정상",'전체 거래내역'!L:L,202509),0),"")
A3: 2025-10 | B3: =COUNTIFS('전체 거래내역'!C:C,76.79,'전체 거래내역'!G:G,"정상",'전체 거래내역'!L:L,202510) | C3: =IFERROR(ROUND(AVERAGEIFS('전체 거래내역'!F:F,'전체 거래내역'!C:C,76.79,'전체 거래내역'!G:G,"정상",'전체 거래내역'!L:L,202510),0),"") | D3: =COUNTIFS('전체 거래내역'!C:C,84.43,'전체 거래내역'!G:G,"정상",'전체 거래내역'!L:L,202510) | E3: =IFERROR(ROUND(AVERAGEIFS('전체 거래내역'!F:F,'전체 거래내역'!C:C,84.43,'전체 거래내역'!G:G,"정상",'전체 거래내역'!L:L,202510),0),"")
A4: 2025-11 | B4: =COUNTIFS('전체 거래내역'!C:C,76.79,'전체 거래내역'!G:G,"정상",'전체 거래내역'!L:L,202511) | C4: =IFERROR(ROUND(AVERAGEIFS('전체 거래내역'!F:F,'전체 거래내역'!C:C,76.79,'전체 거래내역'!G:G,"정상",'전체 거래내역'!L:L,202511),0),"") | D4: =COUNTIFS('전체 거래내역'!C:C,84.43,'전체 거래내역'!G:G,"정상",'전체 거래내역'!L:L,202511) | E4: =IFERROR(ROUND(AVERAGEIFS('전체 거래내역'!F:F,'전체 거래내역'!C:C,84.43,'전체 거래내역'!G:G,"정상",'전체 거래내역'!L:L,202511),0),"")
A5: 2025-12 | B5: =COUNTIFS('전체 거래내역'!C:C,76.79,'전체 거래내역'!G:G,"정상",'전체 거래내역'!L:L,202512) | C5: =IFERROR(ROUND(AVERAGEIFS('전체 거래내역'!F:F,'전체 거래내역'!C:C,76.79,'전체 거래내역'!G:G,"정상",'전체 거래내역'!L:L,202512),0),"") | D5: =COUNTIFS('전체 거래내역'!C:C,84.43,'전체 거래내역'!G:G,"정상",'전체 거래내역'!L:L,202512) | E5: =IFERROR(ROUND(AVERAGEIFS('전체 거래내역'!F:F,'전체 거래내역'!C:C,84.43,'전체 거래내역'!G:G,"정상",'전체 거래내역'!L:L,202512),0),"")
A6: 2026-01 | B6: =COUNTIFS('전체 거래내역'!C:C,76.79,'전체 거래내역'!G:G,"정상",'전체 거래내역'!L:L,202601) | C6: =IFERROR(ROUND(AVERAGEIFS('전체 거래내역'!F:F,'전체 거래내역'!C:C,76.79,'전체 거래내역'!G:G,"정상",'전체 거래내역'!L:L,202601),0),"") | D6: =COUNTIFS('전체 거래내역'!C:C,84.43,'전체 거래내역'!G:G,"정상",'전체 거래내역'!L:L,202601) | E6: =IFERROR(ROUND(AVERAGEIFS('전체 거래내역'!F:F,'전체 거래내역'!C:C,84.43,'전체 거래내역'!G:G,"정상",'전체 거래내역'!L:L,202601),0),"")
A7: 2026-02 | B7: =COUNTIFS('전체 거래내역'!C:C,76.79,'전체 거래내역'!G:G,"정상",'전체 거래내역'!L:L,202602) | C7: =IFERROR(ROUND(AVERAGEIFS('전체 거래내역'!F:F,'전체 거래내역'!C:C,76.79,'전체 거래내역'!G:G,"정상",'전체 거래내역'!L:L,202602),0),"") | D7: =COUNTIFS('전체 거래내역'!C:C,84.43,'전체 거래내역'!G:G,"정상",'전체 거래내역'!L:L,202602) | E7: =IFERROR(ROUND(AVERAGEIFS('전체 거래내역'!F:F,'전체 거래내역'!C:C,84.43,'전체 거래내역'!G:G,"정상",'전체 거래내역'!L:L,202602),0),"")
A8: 2026-03 | B8: =COUNTIFS('전체 거래내역'!C:C,76.79,'전체 거래내역'!G:G,"정상",'전체 거래내역'!L:L,202603) | C8: =IFERROR(ROUND(AVERAGEIFS('전체 거래내역'!F:F,'전체 거래내역'!C:C,76.79,'전체 거래내역'!G:G,"정상",'전체 거래내역'!L:L,202603),0),"") | D8: =COUNTIFS('전체 거래내역'!C:C,84.43,'전체 거래내역'!G:G,"정상",'전체 거래내역'!L:L,202603) | E8: =IFERROR(ROUND(AVERAGEIFS('전체 거래내역'!F:F,'전체 거래내역'!C:C,84.43,'전체 거래내역'!G:G,"정상",'전체 거래내역'!L:L,202603),0),"")
A9: 2026-04 | B9: =COUNTIFS('전체 거래내역'!C:C,76.79,'전체 거래내역'!G:G,"정상",'전체 거래내역'!L:L,202604) | C9: =IFERROR(ROUND(AVERAGEIFS('전체 거래내역'!F:F,'전체 거래내역'!C:C,76.79,'전체 거래내역'!G:G,"정상",'전체 거래내역'!L:L,202604),0),"") | D9: =COUNTIFS('전체 거래내역'!C:C,84.43,'전체 거래내역'!G:G,"정상",'전체 거래내역'!L:L,202604) | E9: =IFERROR(ROUND(AVERAGEIFS('전체 거래내역'!F:F,'전체 거래내역'!C:C,84.43,'전체 거래내역'!G:G,"정상",'전체 거래내역'!L:L,202604),0),"")
A10: 2026-05 | B10: =COUNTIFS('전체 거래내역'!C:C,76.79,'전체 거래내역'!G:G,"정상",'전체 거래내역'!L:L,202605) | C10: =IFERROR(ROUND(AVERAGEIFS('전체 거래내역'!F:F,'전체 거래내역'!C:C,76.79,'전체 거래내역'!G:G,"정상",'전체 거래내역'!L:L,202605),0),"") | D10: =COUNTIFS('전체 거래내역'!C:C,84.43,'전체 거래내역'!G:G,"정상",'전체 거래내역'!L:L,202605) | E10: =IFERROR(ROUND(AVERAGEIFS('전체 거래내역'!F:F,'전체 거래내역'!C:C,84.43,'전체 거래내역'!G:G,"정상",'전체 거래내역'!L:L,202605),0),"")
A11: 2026-06 | B11: =COUNTIFS('전체 거래내역'!C:C,76.79,'전체 거래내역'!G:G,"정상",'전체 거래내역'!L:L,202606) | C11: =IFERROR(ROUND(AVERAGEIFS('전체 거래내역'!F:F,'전체 거래내역'!C:C,76.79,'전체 거래내역'!G:G,"정상",'전체 거래내역'!L:L,202606),0),"") | D11: =COUNTIFS('전체 거래내역'!C:C,84.43,'전체 거래내역'!G:G,"정상",'전체 거래내역'!L:L,202606) | E11: =IFERROR(ROUND(AVERAGEIFS('전체 거래내역'!F:F,'전체 거래내역'!C:C,84.43,'전체 거래내역'!G:G,"정상",'전체 거래내역'!L:L,202606),0),"")
A12: 2026-07 | B12: =COUNTIFS('전체 거래내역'!C:C,76.79,'전체 거래내역'!G:G,"정상",'전체 거래내역'!L:L,202607) | C12: =IFERROR(ROUND(AVERAGEIFS('전체 거래내역'!F:F,'전체 거래내역'!C:C,76.79,'전체 거래내역'!G:G,"정상",'전체 거래내역'!L:L,202607),0),"") | D12: =COUNTIFS('전체 거래내역'!C:C,84.43,'전체 거래내역'!G:G,"정상",'전체 거래내역'!L:L,202607) | E12: =IFERROR(ROUND(AVERAGEIFS('전체 거래내역'!F:F,'전체 거래내역'!C:C,84.43,'전체 거래내역'!G:G,"정상",'전체 거래내역'!L:L,202607),0),"")
A13: 2026-08 | B13: =COUNTIFS('전체 거래내역'!C:C,76.79,'전체 거래내역'!G:G,"정상",'전체 거래내역'!L:L,202608) | C13: =IFERROR(ROUND(AVERAGEIFS('전체 거래내역'!F:F,'전체 거래내역'!C:C,76.79,'전체 거래내역'!G:G,"정상",'전체 거래내역'!L:L,202608),0),"") | D13: =COUNTIFS('전체 거래내역'!C:C,84.43,'전체 거래내역'!G:G,"정상",'전체 거래내역'!L:L,202608) | E13: =IFERROR(ROUND(AVERAGEIFS('전체 거래내역'!F:F,'전체 거래내역'!C:C,84.43,'전체 거래내역'!G:G,"정상",'전체 거래내역'!L:L,202608),0),"")
